{
    "name": "A320-200neo",
    "arrangement": {
        "body_type": ["fuselage", "string", "Type of main body, 'fuselage' or 'blended'"],
        "wing_type": ["classic", "string", "Type of lifting body, 'classic' or 'blended'"],
        "wing_attachment": ["low", "string", "Position of wing attachment, 'low' or 'high'"],
        "stab_architecture": ["classic", "string", "Type of stabilizers, 'classic', 't_tail' or 'h_tail'"],
        "tank_architecture": ["rear", "string", "Type of tank, 'wing_box', 'piggy_back' or 'pods'"],
        "gear_architecture": ["retractable", "string", "Type of landing gears, 'retractable', 'bare_fixed'"],
        "number_of_engine": ["twin", "string", "Number of engine, 'twin' or 'quadri'"],
        "nacelle_attachment": ["wing", "string", "Position of nacelle attachment, 'wing', 'pod' or 'rear'"],
        "power_architecture": ["tf", "string", "Propulsive architecture, 'tf', 'extf', 'ef'"],
        "power_source": ["fuel", "string", "Type power source, 'fuel', 'battery' or 'fuel_cell"],
        "fuel_type": ["liquid_h2", "string", "Type energy source, 'kerosene', 'methane', 'liquid_h2' or 'battery'"]
    },
    "requirement": {
        "cruise_altp": [35000, "ft", "Mean cruise altitude for design"],
        "cruise_mach": [0.78, "mach", "Cruise Mach number for design"],
        "design_range": [1800, "NM", "Design range"],
        "n_pax_ref": [150, "int", "Reference number of passenger for design"],
        "model_config": {
            "model_config": {
                "Cabin": {
                    "n_pax_front": ["function", "int", "Number of front seats in economic class (function)"],
                    "n_aisle": ["function", "int", "Number of aisle in economic class (function)"],
                    "m_pax_nominal": ["function", "kg", "Reference mass allowance per passenger for design (function)"],
                    "m_pax_max": ["function", "kg", "Maximum mass allowance per passenger for design (function)"],
                    "m_pax_cabin": [80, "kg", "Mean passenger mass in the cabin including its hand luggage"],
                    "seat_width": [20, "inch", "Seat width in economic class"],
                    "seat_pitch": [32, "inch", "Seat pitch in economic class"],
                    "aisle_width": [20, "inch", "Aisle width"]
                },
                "Fuselage": {
                    "forward_ratio": [1.1, "no_dim", "Distance between fuselage nose and forward cabin wall over fuselage diameter"],
                    "wall_thickness": [0.2, "m", "Fuselage wall total tchickness"],
                    "nose_cone_ratio": [2, "no_dim", "Fuselage nose cone length (evolutive part) over fuselage diameter"],
                    "tail_cone_ratio": [3.45, "no_dim", "Fuselage tail cone length (evolutive part) over fuselage diameter"],
                    "section_type": ["ellipse", "string", "Fuselage cross section 'ellipse' or 'square'"],
                    "rear_bulkhead_ratio": [1.5, "no_dim", "Distance from rear pressure bulkhead to fuselage cone end over fuselage diameter"],
                    "mass_correction_factor": [1, "no_dim", "Correction factor on mass estimation"]
                },
                "Wing": {
                    "wing_morphing": ["aspect_ratio_driven", "no_dim", "Wing deformation mode, 'aspect_ratio_driven' or 'span_driven'"],
                    "aspect_ratio": ["function", "no_dim", "Wing aspect ratio (function)"],
                    "taper_ratio": ["function", "no_dim", "Wing taper ratio (function)"],
                    "sweep25": ["function", "deg", "Wing sweep angle at 25% of the chords of outboard trapezoid (function)"],
                    "dihedral": [5, "deg", "Wing dihedral"],
                    "front_spar_ratio": [0.15, "no_dim", "Relative chord position of front spar"],
                    "rear_spar_ratio": [0.7, "no_dim", "Relative chord position of rear spar"],
                    "hld_type": ["function", "int", "Type of high lift device, from 0 to 10, (function)"],
                    "mass_correction_factor": [1, "no_dim", "Correction factor on mass estimation"]
                },
                "VtpClassic": {
                    "aspect_ratio": [1.7, "no_dim", "Vertical tail aspect ratio"],
                    "taper_ratio": [0.4, "no_dim", "Vertical tail taper ratio"],
                    "sweep25": ["function", "deg", "Vertical tail sweep angle at 25% of the chords (function)"],
                    "toc": [0.1, "no_dim", "Thickness to chord ratio of the vertical tail"],
                    "thrust_volume_factor": [0.4, "no_dim", "Volume coefficient of the vertical stabilizer according to engine failure"],
                    "wing_volume_factor": [0.07, "no_dim", "Volume coefficient of the vertical stabilizer according to wing"],
                    "anchor_ratio": [0.85, "no_dim", "Relative position of the reference point of the stabilization surface"],
                    "mass_correction_factor": [1, "no_dim", "Correction factor on mass estimation"]
                },
                "VtpTtail": {
                    "aspect_ratio": [1.2, "no_dim", "Vertical tail aspect ratio"],
                    "taper_ratio": [0.8, "no_dim", "Vertical tail taper ratio"],
                    "sweep25": ["function", "deg", "Vertical tail sweep angle at 25% of the chords (function)"],
                    "toc": [0.1, "no_dim", "Thickness to chord ratio of the vertical tail"],
                    "thrust_volume_factor": [0.4, "no_dim", "Volume coefficient of the vertical stabilizer according to engine failure"],
                    "wing_volume_factor": [0.07, "no_dim", "Volume coefficient of the vertical stabilizer according to wing"],
                    "anchor_ratio": [0.85, "no_dim", "Relative position of the reference point of the stabilization surface"],
                    "mass_correction_factor": [1, "no_dim", "Correction factor on mass estimation"]
                },
                "VtpHtail": {
                    "aspect_ratio": [1.5, "no_dim", "Vertical tail aspect ratio"],
                    "taper_ratio": [0.4, "no_dim", "Vertical tail taper ratio"],
                    "sweep25": ["function", "deg", "Vertical tail sweep angle at 25% of the chords (function)"],
                    "toc": [0.1, "no_dim", "Thickness to chord ratio of the vertical tail"],
                    "thrust_volume_factor": [0.4, "no_dim", "Volume coefficient of the vertical stabilizer according to engine failure"],
                    "wing_volume_factor": [0.07, "no_dim", "Volume coefficient of the vertical stabilizer according to wing"],
                    "mass_correction_factor": [1, "no_dim", "Correction factor on mass estimation"]
                },
                "HtpClassic": {
                    "aspect_ratio": [5, "no_dim", "Horizontal tail aspect ratio"],
                    "taper_ratio": [0.35, "no_dim", "Horizontal tail taper ratio"],
                    "sweep25": ["function", "deg", "Horizontal tail sweep angle at 25% of the chords (function)"],
                    "toc": [0.1, "no_dim", "Thickness to chord ratio of the Horizontal tail"],
                    "dihedral": [5, "deg", "Dihedral angle of the horizontal tail"],
                    "volume_factor": [0.94, "no_dim", "Volume coefficient of the vertical stabilizer according to engine failure"],
                    "mass_correction_factor": [1, "no_dim", "Correction factor on mass estimation"]
                },
                "HtpTtail": {
                    "aspect_ratio": [5, "no_dim", "Horizontal tail aspect ratio"],
                    "taper_ratio": [0.35, "no_dim", "Horizontal tail taper ratio"],
                    "height_ratio": [1, "no_dim", "Horizontal tail height ratio versus vertical tail height"],
                    "sweep25": ["function", "deg", "Horizontal tail sweep angle at 25% of the chords (function)"],
                    "toc": [0.1, "no_dim", "Thickness to chord ratio of the Horizontal tail"],
                    "dihedral": [5, "deg", "Dihedral angle of the horizontal tail"],
                    "volume_factor": [0.94, "no_dim", "Volume coefficient of the vertical stabilizer according to engine failure"],
                    "mass_correction_factor": [1, "no_dim", "Correction factor on mass estimation"]
                },
                "HtpHtail": {
                    "aspect_ratio": [5, "no_dim", "Horizontal tail aspect ratio"],
                    "taper_ratio": [0.35, "no_dim", "Horizontal tail taper ratio"],
                    "sweep25": ["function", "deg", "Horizontal tail sweep angle at 25% of the chords (function)"],
                    "toc": [0.1, "no_dim", "Thickness to chord ratio of the Horizontal tail"],
                    "dihedral": [5, "deg", "Dihedral angle of the horizontal tail"],
                    "volume_factor": [0.94, "no_dim", "Volume coefficient of the vertical stabilizer according to engine failure"],
                    "mass_correction_factor": [1, "no_dim", "Correction factor on mass estimation"]
                },
                "TankWingBox": {
                    "gravimetric_index": [0.3, "no_dim", "Ratio Hydrogen_mass / (Hydrogen_mass + Tank_mass)"],
                    "volumetric_index": [0.85, "no_dim", "Ratio Hydrogen_volume / Total_tank_volume"],
                    "fuel_pressure": ["function", "bar", "Maximum over pressure of the fuel in the tank (function)"]
                },
                "TankRearFuselage": {
                    "ref_length": [10, "m", "Initial length of the tank"],
                    "width_rear_factor": [0.75, "m", "Diameter of the rear pressure bulkhead over fuselage diameter"],
                    "gravimetric_index": [0.3, "no_dim", "Ratio Hydrogen_mass / (Hydrogen_mass + Tank_mass)"],
                    "volumetric_index": [0.85, "no_dim", "Ratio Hydrogen_volume / Total_tank_volume"],
                    "fuel_pressure": ["function", "bar", "Maximum over pressure of the fuel in the tank (function)"]
                },
                "Pod": {
                    "structure_shell_surface_mass": [15, "kg/m2", "Surface mass of the surrounding support structure"],
                    "structure_shell_thickness": [0.08, "m", "Thickness of the support structure"],
                    "gravimetric_index": [0.3, "no_dim", "Ratio Hydrogen_mass / (Hydrogen_mass + Tank_mass)"],
                    "volumetric_index": [0.85, "no_dim", "Ratio Hydrogen_volume / Total_tank_volume"]
                },
                "TankWingPod": {
                    "span_ratio": [0.65, "no_dim", "Relative span wise position of the tank"],
                    "x_loc_ratio": [0.45, "no_dim", "Fraction of the tank length before the wing"],
                    "z_loc_ratio": [0, "no_dim", "Fraction of the tank diameter between the wing and the tank"],
                    "dry_bay_length": [0, "m", "Length of an eventual dry bay"],
                    "ref_length": ["function", "m", "Initial length of the tank"],
                    "width": ["function", "m", "Diameter of the tank"],
                    "fuel_pressure": ["function", "bar", "Maximum over pressure of the fuel in the tank (function)"]
                },
                "TankPiggyBack": {
                    "x_loc_ratio": [0.4, "no_dim", "Fraction of the tank length behind the wing"],
                    "z_loc_ratio": [0.85, "no_dim", "Fraction of the tank diameter between the fuselage and the tank axis"],
                    "dry_bay_length": [2, "m", "Length of an eventual dry bay"],
                    "ref_length": ["function", "m", "Initial length of the tank"],
                    "width": ["function", "m", "Diameter of the tank"],
                    "fuel_pressure": ["function", "bar", "Maximum over pressure of the fuel in the tank (function)"]
                },
                "RetractableLandingGear": {
                    "mass_correction_factor": [1, "no_dim", "Correction factor on mass estimation"]
                },
                "BareFixedLandingGear": {
                    "wheel_count": [2, "int", "Number of main landing gear"],
                    "wheel_drag_area_factor": [1, "no_dim", "Drag area over (dynamic pressure x frontal area"],
                    "mass_correction_factor": [0.5, "no_dim", "Correction factor on mass estimation"]
                },
                "InboardWingMountedNacelle": {},
                "OutboardWingMountedNacelle": {},
                "RearFuselageMountedNacelle": {},
                "PowerSystem": {
                    "sfc_correction": [1, "no_dim", "Factor on specific fuel consumption (fuel only)"]
                },
                "System": {},
                "SystemWithBattery": {
                    "wiring_efficiency": [0.995, "no_dim", "Electric wiring efficiency"],
                    "wiring_pw_density": [20, "kW/kg", "Electric wiring power density"],
                    "cooling_efficiency": [0.995, "no_dim", "Cooling efficiency, ex: 0.99 means that 1% of the power is used by cooling system"],
                    "cooling_pw_density": [5, "kW/kg", "Cooling power density"],
                    "battery_density": [2800, "kg/m3", "Battery density"],
                    "battery_energy_density": [0.4, "kWh/kg", "Battery energy density"]
                },
                "SystemWithFuelCell": {
                    "wiring_efficiency": [0.995, "no_dim", "Electric wiring efficiency"],
                    "wiring_pw_density": [10, "kW/kg", "Electric wiring power density"],
                    "compressor_over_pressure": [100, "kPa", "Compressor over pressure"],
                    "compressor_efficiency": [0.8, "no_dim", "Compressor efficiency, power delivered to the air flow over input power"],
                    "compressor_pw_density": [1, "kW/kg", "Compressor total power density"],
                    "cooling_power_index": [0.005, "no_dim", "Cooling efficiency, ex: 0.01 means that the required power to cool the system is 1% of the dissipated power"],
                    "cooling_gravimetric_index": [5, "kW/kg", "Cooling power density, the ratio of the dissipated power over the required system mass to dissipate it"],
                    "fuel_cell_pw_density": [2, "kW/kg", "Fuell cell power density"],
                    "fuel_cell_efficiency": [0.5, "no_dim", "Fuell cell conversion efficiency"]
                },
                "SystemPartialTurboElectric": {
                    "chain_power_pod": ["function", "kW", "Electric shaft power of the wing tank tail electric fan"],
                    "chain_power_body": ["function", "kW", "Electric shaft power of the main body tail electric fan"],
                    "chain_power_piggyback": ["function", "kW", "Electric shaft power of piggyback body tail electric fan"],
                    "chain_power": ["function", "kW", "Total electric shaft power"],
                    "battery": ["no", "string", "Use of battery, 'yes', 'no'"],
                    "battery_density": [2800, "kg/m3", "Battery density"],
                    "battery_energy_density": [0.4, "kWh/kg", "Battery energy density"],
                    "lto_power": [0, "kW", "Battery power reserve for take off and landing"],
                    "lto_time": [0, "min", "Duration of availability of the power reserve"],
                    "cruise_energy": [0, "kWh", "Energy booked for cruise"],
                    "generator_efficiency": [0.95, "no_dim", "Electric generator efficiency"],
                    "generator_pw_density": [5, "kW/kg", "Electric generator power density"],
                    "rectifier_efficiency": [0.99, "no_dim", "Rectifier efficiency"],
                    "rectifier_pw_density": [15, "kW/kg", "Rectifier power density"],
                    "wiring_efficiency": [0.995, "no_dim", "Electric wiring efficiency"],
                    "wiring_pw_density": [20, "kW/kg", "Electric wiring power density"],
                    "cooling_efficiency": [0.995, "no_dim", "Cooling efficiency, ex: 0.99 means that 1% of the power is used by cooling system"],
                    "cooling_pw_density": [5, "kW/kg", "Cooling power density"]
                },
                "SemiEmpiricTf0Nacelle": {
                    "eis_date": [2020, "year", "Entry into service date"],
                    "lateral_margin": [1, "no_dim", "Lateral margin as a fraction of nacelle width"],
                    "vertical_margin": [1, "no_dim", "vertical margin as a fraction of nacelle width"],
                    "engine_bpr": ["function", "no_dim", "Reference By Pass Ratio of the engine (function)"],
                    "engine_opr": [50, "no_dim", "Reference Overall Pressure Ratio of the engine"],
                    "core_thrust_ratio": [0.13, "no_dim", "Reference ratio of the total thrust delivered by the core"],
                    "propeller_efficiency": [0.82, "no_dim", "Propeller like fan efficiency Thrust.Speed/shaft_power"]
                },
                "SemiEmpiricTfNacelle": {
                    "eis_date": [2020, "year", "Entry into service date"],
                    "lateral_margin": [1, "no_dim", "Lateral margin as a fraction of nacelle width"],
                    "vertical_margin": [1, "no_dim", "vertical margin as a fraction of nacelle width"],
                    "engine_bpr": ["function", "no_dim", "Reference By Pass Ratio of the engine (function)"],
                    "engine_opr": [50, "no_dim", "Reference Overall Pressure Ratio of the engine"],
                    "engine_fpr": [1.5, "no_dim", "Reference Fan Pressure Ratio of the engine"],
                    "core_thrust_ratio": [0.13, "no_dim", "Reference ratio of the total thrust delivered by the core"],
                    "hub_width": [0.4, "m", "Fan hub diameter"],
                    "propeller_efficiency": [0.82, "no_dim", "Propeller like fan efficiency Thrust.Speed/shaft_power"],
                    "fan_efficiency": [0.9, "no_dim", "Classical fan efficiency"]
                },
                "ExergeticTfNacelle": {
                    "eis_date": [2020, "year", "Entry into service date"],
                    "engine_bpr": [14, "no_dim", "Reference By Pass Ratio of the engine"],
                    "engine_fpr": [1.15, "no_dim", "Reference Fan Pressure Ratio of the engine"],
                    "engine_lpc_pr": [3, "no_dim", "Reference Low Pressure Compressor Ratio of the engine"],
                    "engine_hpc_pr": [14, "no_dim", "Reference High  Pressure Compressor Ratio of the engine"],
                    "engine_T4_max": [1700, "K", "Entry turbine maximum temperature"],
                    "cooling_flow": [0.1, "kg/s", "Reference cooling flow"],
                    "lateral_margin": [1, "no_dim", "Lateral margin as a fraction of nacelle width"],
                    "vertical_margin": [1, "no_dim", "vertical margin as a fraction of nacelle width"],
                    "hub_width": [0.4, "m", "Fan hub diameter"]
                },
                "SemiEmpiricTpNacelle": {
                    "eis_date": [2020, "year", "Entry into service date"],
                    "lateral_margin": [1, "no_dim", "Lateral margin as a fraction of nacelle width"],
                    "hub_width": [0.2, "m", "Propeller hub diameter"],
                    "propeller_efficiency": [0.82, "no_dim", "Propeller efficiency Thrust.Speed/shaft_power"],
                    "propeller_disk_load": [3000, "N/m2", "Propeller disk load"],
                    "psfc_reference": [0.4, "lb/shp/h", "Power related Spesific Fuel Consumption"]
                },
                "SemiEmpiricEpNacelle": {
                    "eis_date": [2020, "year", "Entry into service date"],
                    "lateral_margin": [1, "no_dim", "Lateral margin as a fraction of nacelle width"],
                    "propeller_efficiency": [0.82, "no_dim", "Propeller efficiency Thrust.Speed/shaft_power"],
                    "propeller_disk_load": [3000, "N/m2", "Propeller disk load"],
                    "hub_width": [0.2, "m", "Propeller hub diameter"],
                    "motor_efficiency": [0.95, "no_dim", "Electric motor efficiency"],
                    "motor_pw_density": [5, "kW/kg", "Electric motor power density"],
                    "nacelle_pw_density": [10, "kW/kg", "Electric nacelle power density"],
                    "controller_efficiency": [0.99, "no_dim", "Electric controller efficiency"],
                    "controller_pw_density": [15, "kW/kg", "Electric controller power density"]
                },
                "SemiEmpiricEfNacelle": {
                    "eis_date": [2020, "year", "Entry into service date"],
                    "lateral_margin": [1, "no_dim", "Lateral margin as a fraction of nacelle width"],
                    "vertical_margin": [1, "no_dim", "vertical margin as a fraction of nacelle width"],
                    "propeller_efficiency": [0.82, "no_dim", "Propeller like fan efficiency Thrust.Speed/shaft_power"],
                    "fan_efficiency": [0.95, "no_dim", "Classical fan efficiency"],
                    "engine_fpr": [1.3, "no_dim", "Reference Fan Pressure Ratio of the engine"],
                    "hub_width": [0.2, "m", "Fan hub diameter"],
                    "motor_efficiency": [0.95, "no_dim", "Electric motor efficiency"],
                    "motor_pw_density": [5, "kW/kg", "Electric motor power density"],
                    "controller_efficiency": [0.99, "no_dim", "Electric controller efficiency"],
                    "controller_pw_density": [15, "kW/kg", "Electric controller power density"],
                    "nacelle_pw_density": [10, "kW/kg", "Electric nacelle power density"]
                },
                "PodTailConeMountedNacelle": {
                    "bli_effect": ["yes", "string", "Taking into account boundary layer ingestion, 'yes' or 'no'"],
                    "hub_width": [0.6, "m", "Fan hub diameter"],
                    "lateral_margin": [1.5, "no_dim", "Lateral margin as a fraction of nacelle width"],
                    "x_loc_ratio": [0.35, "no_dim", "Fraction of the tank length behind the wing"],
                    "z_loc_ratio": [-0.2, "no_dim", "Fraction of the tank diameter under the wing"],
                    "specific_nacelle_cost": [0.05, "$/kg", "Specific maintenance cost per trip for tail cone mounted nacelle"]
                },
                "PiggyBackTailConeMountedNacelle": {
                    "bli_effect": ["yes", "string", "Taking into account boundary layer ingestion, 'yes' or 'no'"],
                    "hub_width": [0.6, "m", "Fan hub diameter"],
                    "specific_nacelle_cost": [0.05, "$/kg", "Specific maintenance cost per trip for tail cone mounted nacelle"]
                },
                "BodyTailConeMountedNacelle": {
                    "bli_effect": ["yes", "string", "Taking into account boundary layer ingestion, 'yes' or 'no'"],
                    "hub_width": [0.4, "m", "Fan hub diameter"],
                    "tail_cone_height_ratio": [0.87, "no_dim", "Relative vertical position of the body tail cone"],
                    "specific_nacelle_cost": [0.05, "$/kg", "Specific maintenance cost per trip for tail cone mounted nacelle"]
                },
                "AllMissionVarMass": {
                    "ktow": [0.9, "no_dim", "Ratio of TOW defining the aircraft weight for mission breguet range"]
                },
                "MissionVarMassGeneric": {
                    "holding_time": [30, "min", "Holding duration for reserve fuel evaluation"],
                    "reserve_fuel_ratio": ["function", "no_dim", "Fraction of mission fuel for reserve fuel evaluation (function)"],
                    "diversion_range": ["function", "NM", "Range of diversion mission for reserve fuel evaluation (function)"]
                },
                "AllMissionIsoMass": {},
                "MissionIsoMassGeneric": {
                    "holding_time": [30, "min", "Holding duration for reserve fuel evaluation"],
                    "reserve_enrg_ratio": ["function", "no_dim", "Fraction of mission fuel for reserve fuel evaluation (function)"],
                    "diversion_range": ["function", "NM", "Range of diversion mission for reserve fuel evaluation (function)"]
                },
                "Requirement": {
                    "cost_range": ["function", "NM", "Reference range for cost evaluation (function)"],
                    "max_fuel_range_factor": [1.25, "no_dim", "Ratio max_fuel_mission_range / nominal_mission_range, used only with mda_plus"],
                    "max_body_aspect_ratio": [13.3617, "no_dim", "Ratio body length / body height, maximum ratio comming from A340-600"]
                },
                "Aerodynamics": {
                    "kcx_correction": [1, "no_dim", "Drag FACTCOR on cx coefficient"],
                    "dcx_correction": [0, "no_dim", "Drag SHIFT on cx coefficient"],
                    "cruise_lodmax": [16, "no_dim", "Assumption on L/D max for some initializations"],
                    "hld_conf_clean": [0, "no_dim", "High lift device setting for clean wing, must be 0."],
                    "hld_conf_to": [0.3, "no_dim", "High lift device setting for take off, between 0. and 0.5"],
                    "hld_conf_ld": [1, "no_dim", "High lift device setting for landing, typically 1. for full deflection"]
                },
                "HandlingQuality": {
                    "static_stab_margin": [0.05, "no_dim", "CG margin to neutral point"]
                },
                "TakeOffReq": {
                    "disa": [15, "degK", "Temperature shift for take off evaluation"],
                    "altp": [0, "ft", "Altitude for take off evaluation"],
                    "kmtow": [1, "no_dim", "Ratio of MTOW defining the aircraft weight"],
                    "kvs1g": [1.13, "no_dim", "Ratio of MTOW defining the aircraft weight"],
                    "s2_min_path": ["function", "%", "Minimum trajectory slope at 35ft for take off (function)"],
                    "tofl_req": ["function", "m", "Maximum take off field length required in given conditions (function)"]
                },
                "ApproachReq": {
                    "disa": [15, "degK", "Temperature shift for approach speed evaluation"],
                    "altp": [0, "ft", "Altitude for approach speed evaluation"],
                    "kmlw": [1, "no_dim", "Ratio of MLW defining the aircraft weight"],
                    "kvs1g": [1.23, "no_dim", "Ratio of MTOW defining the aircraft weight"],
                    "app_speed_req": ["function", "kt", "Maximum approach speed required in given conditions (function)"]
                },
                "OeiCeilingReq": {
                    "disa": [15, "degK", "Temperature shift for one engine performance evaluation"],
                    "altp": ["function", "ft", "Altitude for one engine performance evaluation (function)"],
                    "kmtow": [1, "no_dim", "Ratio of MTOW defining the aircraft weight"],
                    "rating": ["MCN", "string", "Engine rating for one engine performance evaluation"],
                    "speed_mode": ["cas", "string", "Speed mode for one engine performance evaluation, 'cas':constant CAS or 'mach':constant Mach"],
                    "path_req": ["function", "%", "Minimum trajectory slope required in given conditions (function)"]
                },
                "MclCeilingReq": {
                    "disa": [15, "degK", "Temperature shift for approach speed evaluation"],
                    "altp": ["function", "ft", "Altitude for approach speed evaluation (function)"],
                    "mach": ["function", "ft", "Speed defined by a Mach number (function)"],
                    "kmtow": [0.97, "no_dim", "Ratio of MTOW defining the aircraft weight"],
                    "rating": ["MCL", "string", "Engine rating for one engine performance evaluation"],
                    "speed_mode": ["cas", "string", "Speed mode for one engine performance evaluation, 'cas':constant CAS or 'mach':constant Mach"],
                    "vz_req": ["function", "%", "Minimum vertical speed required in given conditions (function)"]
                },
                "McrCeilingReq": {
                    "disa": [15, "degK", "Temperature shift for approach speed evaluation"],
                    "altp": ["function", "ft", "Altitude for approach speed evaluation (function)"],
                    "mach": ["function", "ft", "Speed defined by a Mach number (function)"],
                    "kmtow": [0.97, "no_dim", "Ratio of MTOW defining the aircraft weight"],
                    "rating": ["MCR", "string", "Engine rating for one engine performance evaluation"],
                    "speed_mode": ["mach", "string", "Speed mode for one engine performance evaluation, 'cas':constant CAS or 'mach':constant Mach"],
                    "vz_req": ["function", "%", "Minimum vertical speed required in given conditions (function)"]
                },
                "TtcReq": {
                    "disa": [15, "degK", "Temperature shift for approach speed evaluation"],
                    "altp": ["function", "ft", "Targetted climb altitude (function)"],
                    "mach": ["function", "ft", "Speed defined by a Mach number (function)"],
                    "kmtow": [0.97, "no_dim", "Ratio of MTOW defining the aircraft weight"],
                    "altp1": [1500, "ft", "Starting pressure altitude for climb trajectory, typically 1500ft"],
                    "cas1": ["function", "kt", "Calibrated Air Speed below altp1 during climb trajectory (function)"],
                    "altp2": [10000, "ft", "Transtion pressure altitude from cas1 to cas2, typically 10000ft"],
                    "cas2": ["function", "kt", "Calibrated Air Speed above altp2 (function)"],
                    "ttc_req": [25, "min", "Maximum time to climb required in given conditions"]
                },
                "Economics": {
                    "irp": [10, "year", "Interest recovery period"],
                    "period": [15, "year", "Utilization period"],
                    "interest_rate": [4, "%", "Interest rate"],
                    "labor_cost": [120, "$/h", "Labor cost"],
                    "utilization": ["function", "int", "Number of flights per year (function)"],
                    "fuel_price": [2, "$/gal", "Fuel price"],
                    "energy_price": [0.1, "$/kWh", "Energy price"],
                    "battery_price": [20, "$/kg", "Battery price"]
                }
            }
        },
        "cruise_disa": [0, "degK", "Temperature shift versus ISA in cruise for design"],
        "cost_range": [400, "NM", "Reference range for cost evaluation"],
        "max_fuel_range_factor": [1.25, "no_dim", "Ratio max_fuel_range over design range in MDO_plus mode"],
        "max_body_aspect_ratio": [13.3617, "no_dim", "Maximum ratio of fuselage length over fuselage height"],
        "take_off": {
            "disa": [15, "degK", "Temperature shift versus ISA conditions"],
            "altp": [0, "ft", "Target pressure altitude"],
            "kmtow": [1, "no_dim", "Ratio of MTOW defining the aircraft weight"],
            "kvs1g": [1.13, "no_dim", "Applicable ratio of stalling speed at 1g"],
            "s2_min_path": [2.4, "%", "Minimum trajectory slope at 35ft for take off"],
            "tofl_req": [2200, "m", "Maximum take off field length required in given conditions"]
        },
        "approach": {
            "disa": [15, "degK", "Temperature shift versus ISA conditions"],
            "altp": [0, "ft", "Target pressure altitude"],
            "kmlw": [1, "no_dim", "Ratio of MLW defining the aircraft weight"],
            "kvs1g": [1.23, "no_dim", "Applicable ratio of stalling speed at 1g"],
            "app_speed_req": [137, "kt", "Maximum approach speed required in given conditions"]
        },
        "oei_ceiling": {
            "disa": [15, "degK", "Temperature shift versus ISA conditions"],
            "altp": [14000, "ft", "Target pressure altitude"],
            "kmtow": [1, "no_dim", "Ratio of MTOW defining the aircraft weight"],
            "rating": ["MCN", "string", "Engine rating name ('MTO','MCN','MCL','MCR','FID'"],
            "speed_mode": ["cas", "string", "Constant CAS : 'cas' or constant Mach : 'mach'"],
            "path_req": [1.1, "%", "Minimum trajectory slope required in given conditions"]
        },
        "mcl_ceiling": {
            "disa": [15, "degK", "Temperature shift versus ISA conditions"],
            "altp": [35000, "ft", "Target pressure altitude"],
            "mach": [0.78, "mach", "Mach number"],
            "kmtow": [0.97, "no_dim", "Ratio of MTOW defining the aircraft weight"],
            "rating": ["MCL", "string", "Engine rating name ('MTO','MCN','MCL','MCR','FID'"],
            "speed_mode": ["cas", "string", "Constant CAS : 'cas' or constant Mach : 'mach'"],
            "vz_req": [300, "ft/min", "Minimum vertical speed required in given conditions"]
        },
        "mcr_ceiling": {
            "disa": [15, "degK", "Temperature shift versus ISA conditions"],
            "altp": [35000, "ft", "Target pressure altitude"],
            "mach": [0.78, "mach", "Mach number"],
            "kmtow": [0.97, "no_dim", "Ratio of MTOW defining the aircraft weight"],
            "rating": ["MCR", "string", "Engine rating name ('MTO','MCN','MCL','MCR','FID'"],
            "speed_mode": ["mach", "string", "Constant CAS : 'cas' or constant Mach : 'mach'"],
            "vz_req": [0, "ft/min", "Minimum vertical speed required in given conditions"]
        },
        "time_to_climb": {
            "disa": [15, "degK", "Temperature shift versus ISA conditions"],
            "altp": [35000, "ft", "Target pressure altitude"],
            "mach": [0.78, "mach", "Mach number"],
            "kmtow": [0.97, "no_dim", "Ratio of MTOW defining the aircraft weight"],
            "cas1": [180, "kt", "Calibrated Air Speed below altp1 during climb trajectory"],
            "altp1": [1500, "ft", "Starting pressure altitude for climb trajectory, typically 1500ft"],
            "cas2": [250, "kt", "Calibrated Air Speed above altp2"],
            "altp2": [10000, "ft", "Transtion pressure altitude from cas1 to cas2, typically 10000ft"],
            "ttc_req": [25, "min", "Maximum time to climb required in given conditions"]
        }
    },
    "airframe": {
        "engine_analysis_order": [["nacelle", "other_nacelle"], "string", "Gives the engine component list"],
        "mass_analysis_order": [["cabin", "body", "wing", "landing_gear", "cargo", "nacelle", "other_nacelle", "vertical_stab", "horizontal_stab", "tank", "system"], "string", "Gives the component order to perform the mass analysis"],
        "cabin": {
            "frame_origin": [[4.2416, 0, 0], "m", "Position of the reference point of the component in the assembly"],
            "mass": [5481.71, "kg", "Masse of the component"],
            "cg": [[19.9892, 0, 0], "m", "Position of the center of gravity of the component in the assembly"],
            "inertia_tensor": [[[null, null, null], [null, null, null], [null, null, null]], "kg.m2", "Inertia tensor of the component in its reference point"],
            "gross_wet_area": [0, "m2", "Gross wetted area of the component"],
            "net_wet_area": [0, "m2", "Net wetted area of the component"],
            "aero_length": [1, "m", "Characteristic length of the component for friction drag estimation"],
            "form_factor": [0, "no_dim", "Form factor of the conponent for form and friction drag estimation"],
            "n_pax_ref": [150, "int", "Reference number of passenger for design"],
            "n_pax_front": [6, "int", "Number of front seats in economy class"],
            "n_aisle": [1, "int", "Number of aisle in economy class"],
            "seat_width": [0.508, "m", "Seat width in economy class"],
            "seat_pitch": [0.8128, "m", "Seat pitch in economy class"],
            "aisle_width": [0.508, "m", "Aisle width in economy class"],
            "width": [3.656, "m", "Width of the component"],
            "length": [28.6321, "m", "Length of the component"],
            "co2_metric_area": [null, "m2", "Refernce cabin area for Fuel Efficiency Metric estimation"],
            "m_pax_nominal": [105, "int", "Reference mass allowance per passenger for design"],
            "m_pax_max": [120, "int", "Maximum mass allowance per passenger for design"],
            "m_pax_cabin": [80, "int", "Reference mass allowance per passenger inside the cabin, passenger + hand luggage"],
            "m_furnishing": [2881.5, "kg", "Furnishing mass (seats, monuments, toilets, ...)"],
            "m_op_item": [2600.21, "kg", "Operator items mass (crews, water, food, ...)"],
            "nominal_payload": [15750, "kg", "Reference payload for design"],
            "maximum_payload": [18000, "kg", "Maximum payload for design"],
            "cg_furnishing": [[19.9892, 0, 0], "m", "Position of the CG of furnishing in the assembly"],
            "cg_op_item": [[19.9892, 0, 0], "m", "Position of the CG of operator items in the assembly"],
            "pax_max_fwd_cg": [[15.194, 0, 0], "m", "Maximum forward position of the passengers"],
            "pax_max_fwd_mass": [9180.51, "kg", "Mass corresponding to maximum forward position of the passengers"],
            "pax_max_bwd_cg": [[31.6308, 0, 0], "m", "Maximum backward position of the passengers"],
            "pax_max_bwd_mass": [4597.19, "kg", "Mass corresponding to maximum backward position of the passengers"],
            "projected_area": [99.4449, "m2", "Cabin efficiency parameter ~ cabin length times fuselage width"]
        },
        "body": {
            "frame_origin": [[0, 0, 0], "m", "Position of the reference point of the component in the assembly"],
            "mass": [12256.7, "kg", "Masse of the component"],
            "cg": [[26.622, 0, 1.61952], "m", "Position of the center of gravity of the component in the assembly"],
            "inertia_tensor": [[[null, null, null], [null, null, null], [null, null, null]], "kg.m2", "Inertia tensor of the component in its reference point"],
            "gross_wet_area": [568.023, "m2", "Gross wetted area of the component"],
            "net_wet_area": [568.023, "m2", "Net wetted area of the component"],
            "aero_length": [53.2439, "m", "Characteristic length of the component for friction drag estimation"],
            "form_factor": [1.05, "no_dim", "Form factor of the conponent for form and friction drag estimation"],
            "forward_ratio": [1.1, "no_dim", "Distance from fuselage nose to cabinwall over fuselage diameter"],
            "wall_thickness": [0.2, "m", "Fuselage wall total tchickness"],
            "rear_bulkhead_ratio": [1.5, "no_dim", "Distance from rear pressure bulkhead to fuselage end over fuselage diameter"],
            "nose_cone_ratio": [2, "no_dim", "Fuselage nose cone length over fuselage diameter"],
            "tail_cone_ratio": [3.45, "no_dim", "Fuselage tail cone length over fuselage diameter"],
            "section_type": ["ellipse", "string", "Type body section shape, 'elipse', 'square'"],
            "width": [3.856, "m", "Width of the component"],
            "height": [4.0488, "m", "Height of the component"],
            "length": [53.2439, "m", "Length of the component"],
            "aspect_ratio": [13.1505, "no_dim", "Aspect ratio of the lifting surface"],
            "nose_cone_length": [7.712, "m", "Length of the tapered forward part of the main body"],
            "tail_cone_length": [13.3032, "m", "Length of the tapered rear part of the main body"],
            "mass_correction_factor": [1, "no_dim", "Factor on all component mass except engines and systems"]
        },
        "wing": {
            "frame_origin": [[21.8478, 0, 0], "m", "Position of the reference point of the component in the assembly"],
            "mass": [11769.3, "kg", "Masse of the component"],
            "cg": [[26.8795, 7.50507, 0.487931], "m", "Position of the center of gravity of the component in the assembly"],
            "inertia_tensor": [[[null, null, null], [null, null, null], [null, null, null]], "kg.m2", "Inertia tensor of the component in its reference point"],
            "gross_wet_area": [272.109, "m2", "Gross wetted area of the component"],
            "net_wet_area": [272.109, "m2", "Net wetted area of the component"],
            "aero_length": [5.00998, "m", "Characteristic length of the component for friction drag estimation"],
            "form_factor": [1.4, "no_dim", "Form factor of the conponent for form and friction drag estimation"],
            "wing_morphing": ["aspect_ratio_driven", "string", "Design of the wings : 'aspect_ratio_driven' or 'span_driven'"],
            "area": [164, "m2", "Geometric reference area of the lifting surface"],
            "span": [38.4187, "m", "Spanwise dimension of the lifting surface"],
            "aspect_ratio": [9, "no_dim", "Aspect ratio of the lifting surface"],
            "taper_ratio": [0.2, "no_dim", "Taper ratio of the lifting surface"],
            "dihedral": [5, "deg", "Dihedral angle of the lifting surface"],
            "sweep0": [null, "deg", "Leading edge sweep angle of the lifting surface"],
            "sweep25": [25.6685, "deg", "Sweep angle at 25% of the chords of the lifting surface"],
            "sweep100": [null, "deg", "Trailing edge sweep angle of the lifting surface"],
            "setting": [1.22635, "deg", "Setting angle of the lifting surface"],
            "hld_type": [9, "int", "Type of high lift devices (0,1,2,....,10)"],
            "front_spar_ratio": [0.15, "no_dim", "Relative chord position of front spar"],
            "rear_spar_ratio": [0.7, "no_dim", "Relative chord position of rear spar"],
            "x_rout": null,
            "root_loc": [[21.8478, 1.928, 0], "m", "Position of the root chord of the lifting surface"],
            "root_toc": [0.14, "no_dim", "Thickness to chord ratio of the root chord of the lifting surface"],
            "root_c": [7.24723, "m", "Root chord length of the lifting surface"],
            "kink_loc": [[23.9652, 5.784, 0.337356], "m", "Position of the kink chord of the lifting surface"],
            "kink_toc": [0.11, "no_dim", "Thickness to chord ratio of the kink chord of the lifting surface"],
            "kink_c": [5.1298, "m", "Kink chord length of the lifting surface"],
            "tip_loc": [[31.3374, 19.2094, 1.51192], "m", "Position of the tip chord of the lifting surface"],
            "tip_toc": [0.1, "no_dim", "Thickness to chord ratio of the tip chord of the lifting surface"],
            "tip_c": [1.44945, "m", "Tip chord length of the lifting surface"],
            "mac_loc": [[24.8939, 7.31087, null], "m", "Position of the mean aerodynamic chord of the lifting surface"],
            "mac": [5.00998, "m", "Mean aerodynamic chord length of the lifting surface"],
            "mass_correction_factor": [1, "no_dim", "Factor on all component mass except engines and systems"],
            "x_root": 21.8478
        },
        "cargo": {
            "frame_origin": [[4.2416, 0, 0], "m", "Position of the reference point of the component in the assembly"],
            "mass": [895.146, "kg", "Masse of the component"],
            "cg": [[17.0548, 0, 0], "m", "Position of the center of gravity of the component in the assembly"],
            "inertia_tensor": [[[null, null, null], [null, null, null], [null, null, null]], "kg.m2", "Inertia tensor of the component in its reference point"],
            "gross_wet_area": [0, "m2", "Gross wetted area of the component"],
            "net_wet_area": [0, "m2", "Net wetted area of the component"],
            "aero_length": [1, "m", "Characteristic length of the component for friction drag estimation"],
            "form_factor": [0, "no_dim", "Form factor of the conponent for form and friction drag estimation"],
            "container_pallet_mass": [895.146, "kg", "Container & pallet mass if any"],
            "freight_max_fwd_cg": [[15.194, 0, 0], "m", "Maximum forward position of the freight"],
            "freight_max_fwd_mass": [6145.87, "kg", "Mass corresponding to maximum forward position of the freight"],
            "freight_max_bwd_cg": [[28.0072, 0, 0], "m", "Maximum backward position of the freight"],
            "freight_max_bwd_mass": [1044.21, "kg", "Mass corresponding to maximum backward position of the freight"]
        },
        "vertical_stab": {
            "frame_origin": [[46.4785, 0, 4.0488], "m", "Position of the reference point of the component in the assembly"],
            "mass": [473.823, "kg", "Masse of the component"],
            "cg": [[49.2398, 0, 7.14078], "m", "Position of the center of gravity of the component in the assembly"],
            "inertia_tensor": [[[null, null, null], [null, null, null], [null, null, null]], "kg.m2", "Inertia tensor of the component in its reference point"],
            "gross_wet_area": [38.0954, "m2", "Gross wetted area of the component"],
            "net_wet_area": [38.0954, "m2", "Net wetted area of the component"],
            "aero_length": [3.54341, "m", "Characteristic length of the component for friction drag estimation"],
            "form_factor": [1.4, "no_dim", "Form factor of the conponent for form and friction drag estimation"],
            "area": [18.9529, "m2", "Geometric reference area of the lifting surface"],
            "height": [5.67626, "m", "Height of the component"],
            "aspect_ratio": [1.7, "no_dim", "Aspect ratio of the lifting surface"],
            "taper_ratio": [0.4, "no_dim", "Taper ratio of the lifting surface"],
            "toc": [0.1, "no_dim", "Thickness to chord ratio of the lifting surface"],
            "sweep25": [35.6685, "deg", "Sweep angle at 25% of the chords of the lifting surface"],
            "thrust_volume_factor": [0.4, "no_dim", "Volume coefficient of the vertical stabilizer according to engine failure"],
            "wing_volume_factor": [0.07, "no_dim", "Volume coefficient of the vertical stabilizer according to wing"],
            "anchor_ratio": [0.85, "no_dim", "Relative position of the reference point of the stabilization surface"],
            "lever_arm": [23.2707, "m", "Lever arm of the stabilization surface, 25%cma wing to 25% cma surface"],
            "root_loc": [[46.4785, 0, 4.0488], "m", "Position of the root chord of the lifting surface"],
            "root_c": [4.76997, "m", "Root chord length of the lifting surface"],
            "tip_loc": [[51.2681, 0, 9.72506], "m", "Position of the tip chord of the lifting surface"],
            "tip_c": [1.90799, "m", "Tip chord length of the lifting surface"],
            "mac_loc": [[48.5312, 0, 7.14078], "m", "Position of the mean aerodynamic chord of the lifting surface"],
            "mac": [3.54341, "m", "Mean aerodynamic chord length of the lifting surface"],
            "mass_correction_factor": [1, "no_dim", "Factor on all component mass except engines and systems"]
        },
        "horizontal_stab": {
            "frame_origin": [[48.119, 0, 3.23904], "m", "Position of the reference point of the component in the assembly"],
            "mass": [694.468, "kg", "Masse of the component"],
            "cg": [[50.4779, 2.63672, 0.959144], "m", "Position of the center of gravity of the component in the assembly"],
            "inertia_tensor": [[[null, null, null], [null, null, null], [null, null, null]], "kg.m2", "Inertia tensor of the component in its reference point"],
            "gross_wet_area": [51.4537, "m2", "Gross wetted area of the component"],
            "net_wet_area": [51.4537, "m2", "Net wetted area of the component"],
            "aero_length": [2.7068, "m", "Characteristic length of the component for friction drag estimation"],
            "form_factor": [1.4, "no_dim", "Form factor of the conponent for form and friction drag estimation"],
            "area": [31.5667, "m2", "Geometric reference area of the lifting surface"],
            "span": [12.5632, "m", "Spanwise dimension of the lifting surface"],
            "aspect_ratio": [5, "no_dim", "Aspect ratio of the lifting surface"],
            "taper_ratio": [0.35, "no_dim", "Taper ratio of the lifting surface"],
            "toc": [0.1, "no_dim", "Thickness to chord ratio of the lifting surface"],
            "sweep25": [30.6685, "deg", "Sweep angle at 25% of the chords of the lifting surface"],
            "dihedral": [5, "deg", "Dihedral angle of the lifting surface"],
            "volume_factor": [0.94, "no_dim", "Volume coefficient of the horizontal stabilizer"],
            "lever_arm": [24.4668, "m", "Lever arm of the stabilization surface, 25%cma wing to 25% cma surface"],
            "axe_loc": [[48.119, 0, 3.23904], "m", "Position of the central chord of the lifting surface"],
            "axe_c": [3.72242, "m", "Central chord length of the lifting surface"],
            "tip_loc": [[52.4489, 6.28159, 3.78861], "m", "Position of the tip chord of the lifting surface"],
            "tip_c": [1.30285, "m", "Tip chord length of the lifting surface"],
            "mac_loc": [[49.9365, 2.63672, 0.959144], "m", "Position of the mean aerodynamic chord of the lifting surface"],
            "mac": [2.7068, "m", "Mean aerodynamic chord length of the lifting surface"],
            "mass_correction_factor": [1, "no_dim", "Factor on all component mass except engines and systems"]
        },
        "tank": {
            "frame_origin": [[25.3545, 0, 2.3136], "m", "Position of the reference point of the component in the assembly"],
            "mass": [15159.8, "kg", "Masse of the component"],
            "cg": [28.5851, "m", "Position of the center of gravity of the component in the assembly"],
            "inertia_tensor": [[[null, null, null], [null, null, null], [null, null, null]], "kg.m2", "Inertia tensor of the component in its reference point"],
            "gross_wet_area": [0, "m2", "Gross wetted area of the component"],
            "net_wet_area": [0, "m2", "Net wetted area of the component"],
            "aero_length": [1, "m", "Characteristic length of the component for friction drag estimation"],
            "form_factor": [0, "no_dim", "Form factor of the conponent for form and friction drag estimation"],
            "mfw_factor": [0.972417, "no_dim", "Driver of MFW in MDA_plus mode"],
            "gravimetric_index": [0.3, "no_dim", "Tank gravimetric index, kg-LH2 / kg-LH2+Tank"],
            "volumetric_index": [0.845, "no_dim", "Tank volumetric index, m3-LH2 / m3-LH2+Tank"],
            "ref_length": [15, "m", "Reference length of the component"],
            "length": [14.5863, "m", "Length of the component"],
            "width_rear_factor": [0.75, "no_dim", "Diameter of the rear pressure bulkhead over fuselage diameter"],
            "width_rear": [2.592, "m", "Tank rear diameter for rear fuselage tank"],
            "width_front": [3.456, "no_dim", "Tank front diameter for rear fuselage tank"],
            "fuel_pressure": [10, "bar", "Maximum over pressure of the fuel in the tank"],
            "fuel_density": [70.8, "kg/m3", "Density of the used storage medium"],
            "cylindric_gross_volume": null,
            "cone_gross_volume": null,
            "gross_volume": 108.599,
            "cylindric_volume": 50.4168,
            "cone_volume": 41.3494,
            "shell_specific_volume": [16.8328, "m3", "Tank insulation volume"],
            "shell_specific_mass": [15159.8, "kg", "Tank insulation mass"],
            "max_volume": [91.7661, "m3", "Total available volume for fuel"],
            "mfw_volume_limited": [6497.04, "kg", "Maximum fuel mass according to available volume"],
            "fuel_max_fwd_cg": [28.5851, "m", "Maximum forward position of the fuel"],
            "fuel_max_fwd_mass": [6497.04, "kg", "Fuel mass corresponding to mximum forward position"],
            "fuel_max_bwd_cg": [28.5851, "m", "Maximum backward position of the fuel"],
            "fuel_max_bwd_mass": [6497.04, "kg", "Fuel mass corresponding to mximum backward position"],
            "gross_cylindric_volume": 59.6648,
            "gross_cone_volume": 48.9341
        },
        "tank_analysis_order": [["tank"], "string", "Gives the tank component list"],
        "landing_gear": {
            "frame_origin": [28.0079, "m", "Position of the reference point of the component in the assembly"],
            "mass": [2767.33, "kg", "Masse of the component"],
            "cg": [28.0079, "m", "Position of the center of gravity of the component in the assembly"],
            "inertia_tensor": [[[null, null, null], [null, null, null], [null, null, null]], "kg.m2", "Inertia tensor of the component in its reference point"],
            "gross_wet_area": [0, "m2", "Gross wetted area of the component"],
            "net_wet_area": [0, "m2", "Net wetted area of the component"],
            "aero_length": [1, "m", "Characteristic length of the component for friction drag estimation"],
            "form_factor": [0, "no_dim", "Form factor of the conponent for form and friction drag estimation"],
            "mass_correction_factor": [1, "no_dim", "Factor on all component mass except engines and systems"]
        },
        "system": {
            "frame_origin": [[0, 0, 0], "m", "Position of the reference point of the component in the assembly"],
            "mass": [4750.97, "kg", "Masse of the component"],
            "cg": [[28.9203, 5.10356, 4.05114], "m", "Position of the center of gravity of the component in the assembly"],
            "inertia_tensor": [[[null, null, null], [null, null, null], [null, null, null]], "kg.m2", "Inertia tensor of the component in its reference point"],
            "gross_wet_area": [0, "m2", "Gross wetted area of the component"],
            "net_wet_area": [0, "m2", "Net wetted area of the component"],
            "aero_length": [1, "m", "Characteristic length of the component for friction drag estimation"],
            "form_factor": [0, "no_dim", "Form factor of the conponent for form and friction drag estimation"]
        },
        "nacelle": {
            "frame_origin": [[22.1653, 6.69916, -0.619928], "m", "Position of the reference point of the component in the assembly"],
            "mass": [4388.32, "kg", "Masse of the component"],
            "cg": [[24.4678, 6.69916, -0.619928], "m", "Position of the center of gravity of the component in the assembly"],
            "inertia_tensor": [[[null, null, null], [null, null, null], [null, null, null]], "kg.m2", "Inertia tensor of the component in its reference point"],
            "gross_wet_area": [22.6585, "m2", "Gross wetted area of the component"],
            "net_wet_area": [22.6585, "m2", "Net wetted area of the component"],
            "aero_length": [3.28917, "m", "Characteristic length of the component for friction drag estimation"],
            "form_factor": [1.15, "no_dim", "Form factor of the conponent for form and friction drag estimation"],
            "eis_date": [6.37464e+10, "int", "Entry into service date"],
            "rating_factor": {
                "MTO": [1, "no_dim", "Max Takeoff rating factor"],
                "MCN": [0.9, "no_dim", "Maxi Continuous rating factor"],
                "MCL": [0.85, "no_dim", "Max Climb rating factor"],
                "MCR": [0.57, "no_dim", "Max Cruise rating factor"],
                "FID": [0.05, "no_dim", "Flight idle rating factor"]
            },
            "reference_offtake": [0, "kW", "Refrence power offtake for design"],
            "engine_bpr": [9, "no_dim", "Reference By Pass Ratio of the engine"],
            "engine_opr": [50, "no_dim", "Reference Overall Pressure Ratio of the engine"],
            "engine_fpr": [1.5, "no_dim", "Reference Fan Pressure Ratio of the engine"],
            "core_thrust_ratio": [0.13, "no_dim", "Reference ratio of the total thrust delivered by the core"],
            "propeller_efficiency": [0.82, "no_dim", "Propeller like fan efficiency Thrust.Speed/shaft_power"],
            "fan_efficiency": [0.9, "no_dim", "Fan efficiency, Kinetic power delivered to the air flow devided by shaft power"],
            "delta_air_speed": null,
            "lateral_margin": [1, "no_dim", "Lateral margin as a fraction of nacelle width"],
            "vertical_margin": [1, "no_dim", "vertical margin as a fraction of nacelle width"],
            "hub_width": [0.4, "m", "Fan hub diameter"],
            "fan_width": [1.89278, "m", "Fan diameter"],
            "nozzle_width": 1.48978,
            "nozzle_area": [1.61748, "m2", "Nozzle area"],
            "sea_level_static_thrust": 108218,
            "width": [2.19278, "m", "Width of the component"],
            "length": [3.28917, "m", "Length of the component"],
            "propeller_mass": [0, "kg", "Propeller mass if any"],
            "engine_mass": [3955.45, "kg", "Engine mass"],
            "pylon_mass": [432.872, "kg", "Pylon mass if any"],
            "airplane_side": ["right", "string", "mounting side of the component, 'right' or 'left'"]
        },
        "other_nacelle": {
            "frame_origin": [[22.1653, -6.69916, -0.619928], "m", "Position of the reference point of the component in the assembly"],
            "mass": [4388.32, "kg", "Masse of the component"],
            "cg": [[24.4678, -6.69916, -0.619928], "m", "Position of the center of gravity of the component in the assembly"],
            "inertia_tensor": [[[null, null, null], [null, null, null], [null, null, null]], "kg.m2", "Inertia tensor of the component in its reference point"],
            "gross_wet_area": [22.6585, "m2", "Gross wetted area of the component"],
            "net_wet_area": [22.6585, "m2", "Net wetted area of the component"],
            "aero_length": [3.28917, "m", "Characteristic length of the component for friction drag estimation"],
            "form_factor": [1.15, "no_dim", "Form factor of the conponent for form and friction drag estimation"],
            "eis_date": [6.37464e+10, "int", "Entry into service date"],
            "rating_factor": {
                "MTO": [1, "no_dim", "Max Takeoff rating factor"],
                "MCN": [0.9, "no_dim", "Maxi Continuous rating factor"],
                "MCL": [0.85, "no_dim", "Max Climb rating factor"],
                "MCR": [0.57, "no_dim", "Max Cruise rating factor"],
                "FID": [0.05, "no_dim", "Flight idle rating factor"]
            },
            "reference_offtake": [0, "kW", "Refrence power offtake for design"],
            "engine_bpr": [9, "no_dim", "Reference By Pass Ratio of the engine"],
            "engine_opr": [50, "no_dim", "Reference Overall Pressure Ratio of the engine"],
            "engine_fpr": [1.5, "no_dim", "Reference Fan Pressure Ratio of the engine"],
            "core_thrust_ratio": [0.13, "no_dim", "Reference ratio of the total thrust delivered by the core"],
            "propeller_efficiency": [0.82, "no_dim", "Propeller like fan efficiency Thrust.Speed/shaft_power"],
            "fan_efficiency": [0.9, "no_dim", "Fan efficiency, Kinetic power delivered to the air flow devided by shaft power"],
            "delta_air_speed": null,
            "lateral_margin": [1, "no_dim", "Lateral margin as a fraction of nacelle width"],
            "vertical_margin": [1, "no_dim", "vertical margin as a fraction of nacelle width"],
            "hub_width": [0.4, "m", "Fan hub diameter"],
            "fan_width": [1.89278, "m", "Fan diameter"],
            "nozzle_width": 1.48978,
            "nozzle_area": [1.61748, "m2", "Nozzle area"],
            "sea_level_static_thrust": 108218,
            "width": [2.19278, "m", "Width of the component"],
            "length": [3.28917, "m", "Length of the component"],
            "propeller_mass": [0, "kg", "Propeller mass if any"],
            "engine_mass": [3955.45, "kg", "Engine mass"],
            "pylon_mass": [432.872, "kg", "Pylon mass if any"],
            "airplane_side": ["left", "string", "mounting side of the component, 'right' or 'left'"]
        }
    },
    "power_system": {
        "data": {
            "MTO": {
                "disa": [null, "degK", "Temperature shift versus ISA conditions"],
                "altp": [null, "ft", "Target pressure altitude"],
                "mach": [null, "mach", "Mach number"],
                "nei": [1, "int", "Number of engine inoperative, typically 0 or 1"],
                "kfn_opt": [null, "no_dim", "Ratio required thrust over effective engine thrust"],
                "thrust_opt": [null, "daN", "Required engine thrust"],
                "thrust": [null, "daN", "Engine thrust"],
                "fuel_flow": [null, "kg/s", "Fuel flow"],
                "tsfc": [null, "kg/daN/h", "Specific Fuel Consumption versus thrust"],
                "T41": [null, "Kelvin", "Temperature just after combustion chamber (turbine entry)"]
            },
            "MCN": {
                "disa": [null, "degK", "Temperature shift versus ISA conditions"],
                "altp": [null, "ft", "Target pressure altitude"],
                "mach": [null, "mach", "Mach number"],
                "nei": [1, "int", "Number of engine inoperative, typically 0 or 1"],
                "kfn_opt": [null, "no_dim", "Ratio required thrust over effective engine thrust"],
                "thrust_opt": [null, "daN", "Required engine thrust"],
                "thrust": [null, "daN", "Engine thrust"],
                "fuel_flow": [null, "kg/s", "Fuel flow"],
                "tsfc": [null, "kg/daN/h", "Specific Fuel Consumption versus thrust"],
                "T41": [null, "Kelvin", "Temperature just after combustion chamber (turbine entry)"]
            },
            "MCL": {
                "disa": [null, "degK", "Temperature shift versus ISA conditions"],
                "altp": [null, "ft", "Target pressure altitude"],
                "mach": [null, "mach", "Mach number"],
                "nei": [0, "int", "Number of engine inoperative, typically 0 or 1"],
                "kfn_opt": [null, "no_dim", "Ratio required thrust over effective engine thrust"],
                "thrust_opt": [null, "daN", "Required engine thrust"],
                "thrust": [null, "daN", "Engine thrust"],
                "fuel_flow": [null, "kg/s", "Fuel flow"],
                "tsfc": [null, "kg/daN/h", "Specific Fuel Consumption versus thrust"],
                "T41": [null, "Kelvin", "Temperature just after combustion chamber (turbine entry)"]
            },
            "MCR": {
                "disa": [null, "degK", "Temperature shift versus ISA conditions"],
                "altp": [null, "ft", "Target pressure altitude"],
                "mach": [null, "mach", "Mach number"],
                "nei": [0, "int", "Number of engine inoperative, typically 0 or 1"],
                "kfn_opt": [null, "no_dim", "Ratio required thrust over effective engine thrust"],
                "thrust_opt": [null, "daN", "Required engine thrust"],
                "thrust": [null, "daN", "Engine thrust"],
                "fuel_flow": [null, "kg/s", "Fuel flow"],
                "tsfc": [null, "kg/daN/h", "Specific Fuel Consumption versus thrust"],
                "T41": [null, "Kelvin", "Temperature just after combustion chamber (turbine entry)"]
            }
        },
        "sfc_correction": [1, "no_dim", "Factor on tsfc or psfc"],
        "n_engine": [2, "int", "Numeric number of engine"],
        "reference_thrust": [12100, "daN", "Engine reference thrust, thrust(sea level, ISA+15, Mach 0.25)/0.8"],
        "sfc_type": ["thrust", "string", "Type of Specific Fuel Consumption, 'thrust' or 'power'"]
    },
    "aerodynamics": {
        "kcx_correction": [1, "no_dim", "Factor on airplane total drag coefficient"],
        "dcx_correction": [0, "no_dim", "Additive correction on airplane total drag coefficient"],
        "cruise_lodmax": [18.7599, "no_dim", "Maximum lift over Drag ratio in cruise"],
        "cz_cruise_lodmax": [0.641876, "no_dim", "Lift coefficient for maximum lift over Drag ratio in cruise"],
        "hld_conf_clean": [0, "no_dim", "Deflection parameter corresponding to high lift devices retracted, typically 0"],
        "czmax_conf_clean": [1.25413, "no_dim", "Maximum lift coefficient with high lift devices retracted"],
        "hld_conf_to": [0.3, "no_dim", "Deflection parameter corresponding to high lift devices in take off configuration"],
        "czmax_conf_to": [1.96336, "no_dim", "Maximum lift coefficient with high lift devices in take off configuration"],
        "hld_conf_ld": [1, "no_dim", "Deflection parameter corresponding to high lift devices in landing configuration, typically 1"],
        "czmax_conf_ld": [2.50826, "no_dim", "Maximum lift coefficient with high lift devices in landing configuration"]
    },
    "weight_cg": {
        "mtow": [84232.9, "kg", "Maximum Take Off Weight"],
        "mzfw": [81025.8, "kg", "Maximum Zero Fuel Weight"],
        "mlw": [82646.3, "kg", "Maximum Landing Weight"],
        "owe": [63025.8, "kg", "Operational Weight Empty"],
        "mwe": [59530.5, "kg", "Manufacturer Weight Empty"],
        "mfw": [6497.04, "kg", "Maximum Fuel Weight"],
        "breakdown": {
            "owe": [63025.8, "kg", "Operational Weight Empty"],
            "op_item_mass": [2600.21, "kg", "Operator items mass (crews, water, food, ...)"],
            "container_pallet_mass": [895.146, "kg", "Container & pallet mass if any"],
            "mwe": [59530.5, "kg", "Manufacturer Weight Empty"],
            "furnishing_mass": [2881.5, "kg", "Furnishing mass (seats, monuments, toilets, ...)"],
            "wing_mass": [11769.3, "kg", "Wing mass"],
            "body_mass": [12256.7, "kg", "Main body mass"],
            "htp_mass": [694.468, "kg", "Horizontal stabilizer mass"],
            "vtp_mass": [473.823, "kg", "Vertical stabilizer mass"],
            "tank_mass": [15159.8, "kg", "Tank mass"],
            "ldg_mass": [2767.33, "kg", "Landing gear mass"],
            "system_mass": [4750.97, "kg", "System mass"],
            "propeller_mass": [0, "kg", "Propeller mass if any"],
            "engine_mass": [7910.9, "kg", "Engine mass"],
            "pylon_mass": [865.744, "kg", "Pylon mass if any"]
        },
        "owe_cg": [[26.7965, 9.92067, 8.7948], "m", "Center of gravity at Operational Weight Empty"]
    },
    "handling_quality": {
        "static_stab_margin": [0.05, "no_dim", "Minimal static margin in CMA ratio"],
        "forward_cg_mass": [84849.2, "kg", "Total mass corresponding to required max forward CG"],
        "forward_cg_req": [[24.8377, 9.55786, 8.72156], "m", "Required max forward CG position"],
        "forward_cg_stall": [24.9155, "m", "Allowable max forward CG position according to stall demonstration"],
        "backward_cg_mass": [75164.3, "kg", "Total mass corresponding to required max backward CG"],
        "backward_cg_req": [[27.2636, 10.7894, 9.84535], "m", "Required max backward CG position"],
        "backward_cg_stab": [28.6419, "m", "Allowable max backward CG position according to static stability"],
        "backward_cg_oei_trim": [39.1692, "m", "Allowable max backward CG position according to oei lateral trim demonstration"],
        "backward_cg_oei_mass": [72255.7, "kg", "Total mass corresponding to oei lateral trim demonstration"]
    },
    "performance": {
        "mission": {
            "max_payload": {
                "disa": [0, "degK", "Temperature shift versus ISA conditions"],
                "altp": [35000, "ft", "Target pressure altitude"],
                "mach": [0.78, "mach", "Mach number"],
                "range": [845.105, "NM", "Mission range"],
                "tow": [84232.9, "kg", "Mission take off weight"],
                "payload": [18000, "kg", "Mission payload"],
                "time_block": [2.38676, "h", "Mission block time"],
                "fuel_block": [2046.33, "kg", "Mission block fuel"],
                "fuel_reserve": [1160.78, "kg", "Mission reserve fuel"],
                "fuel_total": [3207.11, "kg", "Mission total fuel"],
                "holding_time": [30, "min", "Holding duration for reserve fuel evaluation"],
                "reserve_fuel_ratio": [0.05, "no_dim", "Fraction of mission fuel for reserve fuel evaluation"],
                "diversion_range": [200, "NM", "Range of diversion mission for reserve fuel evaluation"]
            },
            "nominal": {
                "disa": [0, "degK", "Temperature shift versus ISA conditions"],
                "altp": [35000, "ft", "Target pressure altitude"],
                "mach": [0.78, "mach", "Mach number"],
                "range": [1800, "NM", "Mission range"],
                "tow": [84232.9, "kg", "Mission take off weight"],
                "payload": [15750, "kg", "Mission payload"],
                "time_block": [4.70175, "h", "Mission block time"],
                "fuel_block": [4202.71, "kg", "Mission block fuel"],
                "fuel_reserve": [1254.41, "kg", "Mission reserve fuel"],
                "fuel_total": [5457.11, "kg", "Mission total fuel"],
                "holding_time": [30, "min", "Holding duration for reserve fuel evaluation"],
                "reserve_fuel_ratio": [0.05, "no_dim", "Fraction of mission fuel for reserve fuel evaluation"],
                "diversion_range": [200, "NM", "Range of diversion mission for reserve fuel evaluation"]
            },
            "max_fuel": {
                "disa": [0, "degK", "Temperature shift versus ISA conditions"],
                "altp": [35000, "ft", "Target pressure altitude"],
                "mach": [0.78, "mach", "Mach number"],
                "range": [2250, "NM", "Mission range"],
                "tow": [84232.9, "kg", "Mission take off weight"],
                "payload": [14710.1, "kg", "Mission payload"],
                "time_block": [5.7927, "h", "Mission block time"],
                "fuel_block": [5199.23, "kg", "Mission block fuel"],
                "fuel_reserve": [1297.81, "kg", "Mission reserve fuel"],
                "fuel_total": [6497.04, "kg", "Mission total fuel"],
                "holding_time": [30, "min", "Holding duration for reserve fuel evaluation"],
                "reserve_fuel_ratio": [0.05, "no_dim", "Fraction of mission fuel for reserve fuel evaluation"],
                "diversion_range": [200, "NM", "Range of diversion mission for reserve fuel evaluation"]
            },
            "zero_payload": {
                "disa": [0, "degK", "Temperature shift versus ISA conditions"],
                "altp": [35000, "ft", "Target pressure altitude"],
                "mach": [0.78, "mach", "Mach number"],
                "range": [2585.66, "NM", "Mission range"],
                "tow": [69522.9, "kg", "Mission take off weight"],
                "payload": [0, "kg", "Mission payload"],
                "time_block": [6.60274, "h", "Mission block time"],
                "fuel_block": [5280.1, "kg", "Mission block fuel"],
                "fuel_reserve": [1216.94, "kg", "Mission reserve fuel"],
                "fuel_total": [6497.04, "kg", "Mission total fuel"],
                "holding_time": [30, "min", "Holding duration for reserve fuel evaluation"],
                "reserve_fuel_ratio": [0.05, "no_dim", "Fraction of mission fuel for reserve fuel evaluation"],
                "diversion_range": [200, "NM", "Range of diversion mission for reserve fuel evaluation"]
            },
            "cost": {
                "disa": [0, "degK", "Temperature shift versus ISA conditions"],
                "altp": [35000, "ft", "Target pressure altitude"],
                "mach": [0.78, "mach", "Mach number"],
                "range": [400, "NM", "Mission range"],
                "tow": [80864.6, "kg", "Mission take off weight"],
                "payload": [15750, "kg", "Mission payload"],
                "time_block": [1.30682, "h", "Mission block time"],
                "fuel_block": [995.697, "kg", "Mission block fuel"],
                "fuel_reserve": [1093.03, "kg", "Mission reserve fuel"],
                "fuel_total": [2088.72, "kg", "Mission total fuel"],
                "holding_time": [30, "min", "Holding duration for reserve fuel evaluation"],
                "reserve_fuel_ratio": [0.05, "no_dim", "Fraction of mission fuel for reserve fuel evaluation"],
                "diversion_range": [200, "NM", "Range of diversion mission for reserve fuel evaluation"]
            },
            "toy": {
                "disa": [0, "degK", "Temperature shift versus ISA conditions"],
                "altp": [35000, "ft", "Target pressure altitude"],
                "mach": [0.78, "mach", "Mach number"],
                "range": [120, "NM", "Mission range"],
                "tow": [72255.7, "kg", "Mission take off weight"],
                "payload": [7875, "kg", "Mission payload"],
                "time_block": [0.625834, "h", "Mission block time"],
                "fuel_block": [343.108, "kg", "Mission block fuel"],
                "fuel_reserve": [1011.77, "kg", "Mission reserve fuel"],
                "fuel_total": [1354.88, "kg", "Mission total fuel"],
                "holding_time": [30, "min", "Holding duration for reserve fuel evaluation"],
                "reserve_fuel_ratio": [0.05, "no_dim", "Fraction of mission fuel for reserve fuel evaluation"],
                "diversion_range": [200, "NM", "Range of diversion mission for reserve fuel evaluation"]
            },
            "disa": [0, "degK", "Temperature shift versus ISA conditions"],
            "altp": [35000, "ft", "Target pressure altitude"],
            "mach": [0.78, "mach", "Mach number"],
            "mass": [75809.6, "kg", "Masse of the component"],
            "ktow": [0.9, "no_dim", "Ratio of TOW defining the aircraft weight for mission breguet range"],
            "crz_tas": 231.298,
            "crz_sar": [0.474257, "NM/kg", "Cruise specific air range related to fuel"],
            "crz_cz": [0.446443, "no_dim", "Cruise lift coefficient"],
            "crz_wing_aoa": 0.0635196,
            "crz_fuselage_aoa": 0.0421158,
            "crz_lod": [17.4935, "no_dim", "Cruise lift to drag ratio"],
            "crz_thrust": [42.498, "kN", "Total cruise thrust"],
            "crz_throttle": [0.871957, "no_dim", "Cruise throttle versus MCR"],
            "crz_propulsive_power": 9.82968e+06,
            "crz_tsfc": [0.223075, "kg/daN/h", "Cruise specific fuel consumption versus thrust"],
            "max_sar_altp": [39438.7, "ft", "Altitude of specific air range"],
            "max_sar": [0.483606, "NM/kg", "Maximum specific air range"],
            "max_sar_cz": [0.552465, "no_dim", "Lift coefficient for maximum specific air range"],
            "max_sar_lod": [18.2557, "no_dim", "Lift to drag ratio for maximum specific air range"],
            "max_sar_thrust": [40.7236, "kN", "Total thrust for maximum specific air range"],
            "max_sar_throttle": [0.990923, "no_dim", "Throttle versus MCR for maximum specific air range"],
            "max_sar_tsfc": [0.227165, "kg/daN/h", "Specific fuel consumption versus thrust for maximum specific air range"],
            "max_sar_tas": 230.154
        },
        "take_off": {
            "disa": [15, "degK", "Temperature shift versus ISA conditions"],
            "altp": [0, "ft", "Target pressure altitude"],
            "kmtow": [1, "no_dim", "Ratio of MTOW defining the aircraft weight"],
            "kvs1g": [1.13, "no_dim", "Applicable ratio of stalling speed at 1g"],
            "s2_min_path": [2.4, "%", "Minimum trajectory slope at 35ft for take off"],
            "tofl_req": [2200, "m", "Maximum take off field length required in given conditions"],
            "tofl_eff": [2160.02, "m", "Effective take off field length in given conditions"],
            "hld_conf": [0.3, "no_dim", "Current deflection parameter corresponding to high lift devices configuration"],
            "kvs1g_eff": [1.13, "no_dim", "Effective ratio of stalling speed at 1g"],
            "v2": [142.155, "kt", "Airplane speed in CAS at 35ft during take off"],
            "mach2": [0.214907, "mach", "Airplane speed in Mach number at 35ft during take off"],
            "s2_path": [2.81152, "%", "Airplane trajectory slope at 35ft during take off"],
            "limit": ["fl", "string", "Active limit during take off, can be 'fl':field length, 's2':second segment path"],
            "aoa_wing": 0.27991
        },
        "approach": {
            "disa": [15, "degK", "Temperature shift versus ISA conditions"],
            "altp": [0, "ft", "Target pressure altitude"],
            "kmlw": [1, "no_dim", "Ratio of MLW defining the aircraft weight"],
            "kvs1g": [1.23, "no_dim", "Applicable ratio of stalling speed at 1g"],
            "app_speed_req": [137, "kt", "Maximum approach speed required in given conditions"],
            "app_speed_eff": [135.604, "kt", "Effective approach speed in given conditions"],
            "hld_conf": [1, "no_dim", "Current deflection parameter corresponding to high lift devices configuration"],
            "aoa_wing": 0.302236
        },
        "mcr_ceiling": {
            "disa": [15, "degK", "Temperature shift versus ISA conditions"],
            "altp": [35000, "ft", "Target pressure altitude"],
            "mach": [0.78, "mach", "Mach number"],
            "kmtow": [0.97, "no_dim", "Ratio of MTOW defining the aircraft weight"],
            "rating": ["MCR", "string", "Engine rating name ('MTO','MCN','MCL','MCR','FID'"],
            "speed_mode": ["mach", "string", "Constant CAS : 'cas' or constant Mach : 'mach'"],
            "vz_req": [0, "ft/min", "Minimum vertical speed required in given conditions"],
            "vz_eff": [63.9923, "ft/min", "Effective vertical speed in given conditions"],
            "aoa_wing": 0.06846
        },
        "mcl_ceiling": {
            "disa": [15, "degK", "Temperature shift versus ISA conditions"],
            "altp": [35000, "ft", "Target pressure altitude"],
            "mach": [0.78, "mach", "Mach number"],
            "kmtow": [0.97, "no_dim", "Ratio of MTOW defining the aircraft weight"],
            "rating": ["MCL", "string", "Engine rating name ('MTO','MCN','MCL','MCR','FID'"],
            "speed_mode": ["cas", "string", "Constant CAS : 'cas' or constant Mach : 'mach'"],
            "vz_req": [300, "ft/min", "Minimum vertical speed required in given conditions"],
            "vz_eff": [944.236, "ft/min", "Effective vertical speed in given conditions"],
            "aoa_wing": 0.06846
        },
        "oei_ceiling": {
            "disa": [15, "degK", "Temperature shift versus ISA conditions"],
            "altp": [14000, "ft", "Target pressure altitude"],
            "kmtow": [1, "no_dim", "Ratio of MTOW defining the aircraft weight"],
            "rating": ["MCN", "string", "Engine rating name ('MTO','MCN','MCL','MCR','FID'"],
            "speed_mode": ["cas", "string", "Constant CAS : 'cas' or constant Mach : 'mach'"],
            "path_req": [1.1, "%", "Minimum trajectory slope required in given conditions"],
            "path_eff": [1.4079, "%", "Effective trajectory slope in given conditions"],
            "mach_opt": [0.415654, "mach", "Optimal Mach number according to requirement"],
            "aoa_wing": 0.121783
        },
        "time_to_climb": {
            "disa": [15, "degK", "Temperature shift versus ISA conditions"],
            "altp": [35000, "ft", "Target pressure altitude"],
            "mach": [0.78, "mach", "Mach number"],
            "kmtow": [null, "no_dim", "Ratio of MTOW defining the aircraft weight"],
            "cas1": [180, "kt", "Calibrated Air Speed below altp1 during climb trajectory"],
            "altp1": [1500, "ft", "Starting pressure altitude for climb trajectory, typically 1500ft"],
            "cas2": [250, "kt", "Calibrated Air Speed above altp2"],
            "altp2": [10000, "ft", "Transtion pressure altitude from cas1 to cas2, typically 10000ft"],
            "ttc_req": [25, "min", "Maximum time to climb required in given conditions"],
            "ttc_eff": [19.8624, "min", "Effective time to climb in given conditions"]
        }
    },
    "economics": {
        "irp": [10, "year", "Interest recovery period"],
        "period": [15, "year", "Utilization period"],
        "interest_rate": [4, "%", "Interest rate"],
        "labor_cost": [120, "$/h", "Labor cost"],
        "utilization": [2300, "int", "Number of flights per year"],
        "fuel_price": [2, "$/gal", "Fuel price"],
        "energy_price": [0.1, "$/kWh", "Energy price"],
        "battery_price": [20, "$/kg", "Battery price"],
        "engine_price": [12.6374, "M$", "Price of one engine"],
        "gear_price": [1.99247, "M$", "Price of landing gears"],
        "frame_price": [86.1086, "M$", "Price of the airframe"],
        "frame_cost": [826.116, "$/trip", "Airframe maintenance cost"],
        "engine_cost": [362.133, "$/trip", "Engine maintenance cost"],
        "cockpit_crew_cost": [1032.88, "$/trip", "Cockpit crew cost"],
        "cabin_crew_cost": [470.456, "$/trip", "Cabin crew cost"],
        "landing_fees": [729.457, "$/trip", "Landing fees"],
        "navigation_fees": [295.931, "$/trip", "Navigation fees"],
        "catering_cost": [460.5, "$/trip", "Catering cost"],
        "pax_handling_cost": [300, "$/trip", "Passenger handling cost"],
        "ramp_handling_cost": [1305, "$/trip", "Ramp handling cost"],
        "std_op_cost": [3253.95, "$/trip", "Standard operating cost"],
        "cash_op_cost": [5789.91, "$/trip", "Cash operating cost"],
        "direct_op_cost": [10116.1, "$/trip", "Direct operating cost"],
        "fuel_cost": [7.4304, "$/trip", "Fuel cost"],
        "aircraft_price": [113.376, "M$", "Aircraft price"],
        "total_investment": [117.182, "M$", "Total investmenent"],
        "interest": [791.095, "$/trip", "Interest"],
        "insurance": [172.529, "$/trip", "Insurance"],
        "depreciation": [3362.61, "$/trip", "Depreciation"]
    },
    "environment": {
        "CO2_metric": [NaN, "kg/km/m0.48", "Fuel efficiency metric"],
        "CO2_index": [0, "g/kg", "Mass of carbon dioxide emitted per kg of fuel"],
        "H2O_index": [18, "g/kg", "Mass of water emitted per kg of fuel"],
        "SO2_index": [0, "g/kg", "Mass of sulfur dioxide emitted per kg of fuel"],
        "NOx_index": [0.014, "g/kg", "Mass of nitrogen oxide emitted per kg of fuel"],
        "CO_index": [0, "g/kg", "Mass of carbon monoxide emitted per kg of fuel"],
        "HC_index": [0, "g/kg", "Mass of unburnt hydrocarbon emitted per kg of fuel"],
        "sulfuric_acid_index": [0, "g/kg", "Mass of sulfuric acid emitted per kg of fuel"],
        "nitrous_acid_index": [0.0004, "g/kg", "Mass of nitrous acid emitted per kg of fuel"],
        "nitric_acid_index": [0.0002, "g/kg", "Mass of nitric acid emitted per kg of fuel"],
        "soot_index": [2e+12, "int", "Number of soot particles emitted per kg of fuel"]
    },
    "draw": {}
}